{"BYDra": [2.050717958340458, 0.8647714030801081, -0.05868142609502755, 1.158645575537401, -0.008460518484022104, 0.07690325846859053, -0.5707667209938461, -0.3312291199085759, 0.10361723338856417, -1.2824433223873961, -0.5414490711455252, -0.034899956893687155, 0.9442777177866768, 0.18830002172320498, 0.22635041907721876, 0.15819649953468173, 0.15426488542089276, -0.6090373776706994, 1.0675125238942165, -0.560129911291833, 1.0932586187241125, -2.264904430976101, -0.4557462778745913, 0.0471684196781294, 0.7983845413899889, 0.9426195457869885, 0.7749057271901298, 1.2038181061838187, 0.8262857993443807, 0.3328409428689994, 0.4519038165316862, -0.4998020845301011, 0.11597202922783646, 0.6424028557889602, -0.4928886469672708, -0.43276887642694456, 0.21624625138207978, -2.0228998544169405, 0.5817722350943322, -0.161059685197531, -0.14612536512169183, 0.3858130849605682, -1.0732349846877305, 0.4167791505654653, -0.4672720677712384, 1.04184028506279, -0.29481006136127547, -0.991313240107368, 0.47994992546006743, 1.8222743845453448, 0.34594137236183764, -0.11277759951703689, 0.5547366960375917, -1.4389282605227303, -0.10773096686484766, -0.9571449414772146, -0.12665514326563068, -0.5208368289704416, -0.38564347957863526, -0.9920672879499548, 0.06950557860089283, -0.038519048953757566, 0.34623649774813187, -1.8458516574373431], "DSCT": [1.7061704397201538, 0.6641351580619812, 0.12851212918758392, 0.8468908667564392, -0.13097839057445526, 0.03784015774726868, -0.27957648038864136, -0.5914474725723267, 0.37204238772392273, -0.9262310266494751, -0.4066334068775177, -0.14800192415714264, 0.7775911688804626, 0.14134712517261505, 0.19386716187000275, -0.04726346582174301, 0.11876203119754791, -0.4399896562099457, 0.8867426514625549, -0.6287078857421875, 1.0215606689453125, -1.7956007719039917, -0.2725234627723694, 0.09626303613185883, 0.8009487986564636, 0.6351484656333923, 0.750575065612793, 1.1468478441238403, 0.9041468501091003, 0.3189828395843506, 0.42098572850227356, -0.6330992579460144, 0.17395080626010895, 0.3935346007347107, -0.23523853719234467, -0.3459174931049347, 0.09050007909536362, -1.8804289102554321, 0.5692920088768005, -0.13504530489444733, -0.23897716403007507, 0.4886379539966583, -0.8314743638038635, 0.21569529175758362, -0.30667757987976074, 0.8145513534545898, -0.33711692690849304, -0.76934814453125, 0.3805390000343323, 1.5652129650115967, 0.37706393003463745, -0.12698747217655182, 0.45209169387817383, -1.1060460805892944, -0.10196755826473236, -0.9471989274024963, 0.08641129732131958, -0.48013606667518616, -0.4036596715450287, -0.6622562408447266, 0.1445564478635788, 0.03392793983221054, 0.24600878357887268, -1.424639344215393], "E": [1.9396665704016591, 1.000477019478293, 0.23887556908177396, 0.8516631143934587, -0.301250863309, 0.0592564709630667, -0.256251991963854, -0.5918274299771178, 0.2056327649191314, -1.1254061960122164, -0.3758916270499136, -0.1559703615950603, 0.8683962109042149, 0.14225925768122955, 0.15813729108548633, -0.0833244802905064, 0.15169070894811668, -0.38902435816970526, 0.6958295036764706, -0.8266845818828134, 1.1837236974753587, -2.174713404155245, -0.3268638577531366, 0.0362324532048375, 0.8782204161672031, 0.7872716340364194, 0.8462587509523419, 1.5029675119063433, 0.8062586538931903, 0.4856606361036207, 0.47214461621992726, -0.7547331743088423, 0.19608760464425182, 0.41917717164637996, -0.21979069826649686, -0.23065024986863136, 0.1426775695062151, -1.947874783300886, 0.2894313542866239, -0.14907464677212284, 0.01243549252531546, 0.5271176380269668, -0.9338213520891526, 0.4064086944449182, -0.2660179430363225, 0.9362063174154244, -0.3421759763915165, -0.859367222178216, 0.5004157657716789, 1.819079083554885, 0.6351189481131002, -0.2873458229735786, 0.5872853220093484, -1.3093159420817506, -0.21394625598309086, -1.0156204361541599, 0.27985184040724065, -0.5085821701031105, -0.5536736892718895, -0.758769014302422, -0.1424091405728284, 0.12216163499682557, 0.05620557712573631, -1.6191710578460319], "LPV": [2.0143306255340576, 0.8563251495361328, -0.03773258998990059, 0.9850664734840393, 0.07572981715202332, -0.04166093468666077, -0.5805869698524475, -0.24296674132347107, 0.1779596209526062, -1.2613524198532104, -0.5564539432525635, -0.17133548855781555, 1.1032605171203613, 0.1270662099123001, 0.35311323404312134, 0.009093276225030422, 0.18264469504356384, -0.36963364481925964, 1.0450001955032349, -0.5869247317314148, 0.8695584535598755, -1.9675803184509277, -0.2048967033624649, -0.04304468631744385, 0.6479937434196472, 0.9551600813865662, 0.6225606203079224, 1.1516164541244507, 0.9104133248329163, 0.11303359270095825, 0.3247222304344177, -0.378070205450058, 0.2182215303182602, 0.6887014508247375, -0.4771479368209839, -0.6040575504302979, 0.11221136897802353, -1.9905567169189453, 0.7240276336669922, -0.10460106283426285, -0.025657059624791145, 0.38023385405540466, -1.0103646516799927, 0.4998151659965515, -0.4334424138069153, 0.8777952790260315, -0.3417469263076782, -0.9770836234092712, 0.3517087996006012, 1.70606529712677, -0.029711900278925896, 0.11323871463537216, 0.428526371717453, -1.5075888633728027, -0.024322254583239555, -0.7644564509391785, -0.18958714604377747, -0.6819041967391968, -0.3836301863193512, -0.8454046249389648, -0.14687038958072662, -0.09551665931940079, 0.40041831135749817, -1.588501214981079], "RRL": [1.568568468093872, 1.1200060844421387, 0.6103954315185547, 0.3923078775405884, -0.5089122653007507, 0.05416116490960121, 0.07630627602338791, -0.8213021755218506, 0.4729642868041992, -0.5761319994926453, -0.06334899365901947, -0.3290402591228485, 0.7466807961463928, -0.020099224522709846, 0.1951788067817688, -0.36127960681915283, 0.08605698496103287, -0.12117508798837662, 0.2988802492618561, -1.1788197755813599, 1.1380517482757568, -1.8937252759933472, -0.23778581619262695, 0.078525610268116, 0.9132040143013, 0.45109274983406067, 0.561632513999939, 1.537121057510376, 0.8241234421730042, 0.723627507686615, 0.39613354206085205, -0.9955850839614868, 0.21977411210536957, 0.16489234566688538, -0.12345729023218155, 0.09892722964286804, 0.277459055185318, -1.5739377737045288, -0.04616300389170647, -0.024194395169615746, 0.2656406760215759, 0.5327069163322449, -0.525751531124115, 0.3545249104499817, 0.008390700444579124, 0.7941285371780396, -0.29727888107299805, -0.5949166417121887, 0.5666682720184326, 1.5205289125442505, 0.9242198467254639, -0.3304920792579651, 0.6106586456298828, -0.9596222043037415, -0.4436846077442169, -0.6453655958175659, 0.630072832107544, -0.32975468039512634, -0.5695815682411194, -0.5424468517303467, -0.48405712842941284, 0.10792284458875656, -0.20363400876522064, -1.1798489093780518],